candidate_id,area_ha,site_type,nfm_potential_raw,overlap_rofrs_pct,dist_built_up_km,n_built_up_within_5km,overlap_recorded_flood_pct,overlap_habitat_networks_pct,dist_phi_km,dist_recorded_restoration_km,overlap_built_up_pct,road_km_within,road_density_km_per_km2,overlap_protected_pct,protected_site_flag,score_default,rank_default,score_equal,rank_equal,score_exposure_heavy,rank_exposure_heavy,score_habitat_heavy,rank_habitat_heavy,composite_score,rank,band,top10_stability,data_confidence,data_confidence_note
C16,299.99643879583294,Candidate Site,299.99643879583294,0.000259386373754313,0.07654984893811113,16,0.0,92.93719452885252,0.0,2.9849294052666133,0.0,1.6681564194179266,0.556058740601656,0.0,None,0.5706184383255921,1,0.6626875137392412,1,0.5307213671704103,2,0.5630982225292589,2,0.5706184383255921,1,Strong,4,High,Full RoFRS flood-risk context coverage for this candidate. RoFRS is not a scored factor either way.
C19,600.0024260000242,Candidate Site,600.0024260000242,0.9976370109464531,0.0,21,0.5677552683952738,85.25994734447357,0.0,5.07872573875264,9.561656610167176,25.415194576574986,4.235848635814342,0.0,None,0.5705484704274705,2,0.6562627561417562,2,0.5319632669696671,1,0.5419862251136253,4,0.5705484704274705,2,Strong,4,High,Full RoFRS flood-risk context coverage for this candidate. RoFRS is not a scored factor either way.
C17,2076.30076483698,Investigation Zone,2076.30076483698,3.589288379946958,0.0,16,0.012460376659305841,90.24986929442942,0.0,2.2356110742106443,10.299021340568872,58.98827245298724,2.8410273430505955,6.311921845128578,Clitheroe Knoll Reefs SSSI; Coplow Quarry SSSI; Little Mearley Clough SSSI; Salthill and Bellmanpark Quarries SSSI; Bellmanpark lime kilns and part of an associated tramway 180m north west of Bellman Farm,0.5517155739217957,3,0.6079502287764362,6,0.5163592586212336,3,0.5199701372658617,5,0.5517155739217957,3,Strong,4,High,Full RoFRS flood-risk context coverage for this candidate. RoFRS is not a scored factor either way.
C07,756.3950750845634,Candidate Site,756.3950750845634,7.155764993800013,0.0,11,0.020341960273399694,9.021475518659464,0.0,13.59854780541173,17.59891306486548,31.467948925408134,4.160253016175454,0.0,None,0.5339842801088517,4,0.6088414229659945,5,0.5013462767455912,5,0.46621913949388233,13,0.5339842801088517,4,Strong,3,High,Full RoFRS flood-risk context coverage for this candidate. RoFRS is not a scored factor either way.
C20,3574.601009000914,Investigation Zone,3574.601009000914,1.4024911830636277,0.0,19,0.04005810746340707,52.5146840360309,0.0,1.7591723849317071,8.13780339172995,135.43152115543538,3.7887171411415204,0.00026247019116109374,Higherford Old Bridge,0.5303518395610888,5,0.5627052047730982,8,0.5053253748580719,4,0.47225169429243025,12,0.5303518395610888,5,Strong,3,High,Full RoFRS flood-risk context coverage for this candidate. RoFRS is not a scored factor either way.
C21,187.34517494556906,Candidate Site,187.34517494556906,0.0,0.49732200269635757,8,0.0,94.42940336261948,0.0,5.021575420074706,0.0,1.4845737704337953,0.7924270111921061,0.0,None,0.5242812356468768,6,0.6257098070754482,4,0.48324997703500283,7,0.5421115985309832,3,0.5242812356468768,6,Strong,4,High,Full RoFRS flood-risk context coverage for this candidate. RoFRS is not a scored factor either way.
C14,62.17249588099483,Candidate Site,62.17249588099483,0.0,0.0,6,0.0,99.99999988133675,0.0,4.984804836598123,5.818902776987771,2.9426150486404685,4.732985232365395,0.0,None,0.5212857142857142,7,0.6378571428571428,3,0.484,6,0.5832857142857142,1,0.5212857142857142,7,Strong,4,High,Full RoFRS flood-risk context coverage for this candidate. RoFRS is not a scored factor either way.
C10,1249.603223486447,Investigation Zone,1249.603223486447,1.7644388672648277,0.0,11,0.0008358148741484366,69.56783691110981,0.0,1.7766745166370816,18.81852241983109,53.266163656850516,4.2626461468493675,0.05767020257619182,Red Scar and Tun Brook Woods SSSI,0.5052675211033889,8,0.5450614335627202,12,0.48151655632235846,8,0.46612257442334637,14,0.5052675211033889,8,Strong,2,High,Full RoFRS flood-risk context coverage for this candidate. RoFRS is not a scored factor either way.
C22,599.994068492214,Candidate Site,599.994068492214,0.031850946852723716,1.1773362515400247,3,0.0,88.16664089830638,0.0,1.7874679436970042,0.0,10.356893356650241,1.7261659573864006,0.0,None,0.4912257051820638,9,0.538807969971964,13,0.4536316718711563,12,0.4821419248403213,11,0.4912257051820638,9,Strong,1,High,Full RoFRS flood-risk context coverage for this candidate. RoFRS is not a scored factor either way.
C15,199.99662386816718,Candidate Site,199.99662386816718,0.0,0.0,8,0.0,52.437145860082005,0.0,3.7482123199995674,59.97578189402885,23.477005978797372,11.738701146411769,0.0,None,0.491,10,0.5795714285714285,7,0.46171428571428574,10,0.46099999999999997,16,0.491,10,Moderate,3,High,Full RoFRS flood-risk context coverage for this candidate. RoFRS is not a scored factor either way.
C02,984.8727132461756,Candidate Site,984.8727132461756,0.0063423259289775435,0.0,11,0.0,34.23557328855429,0.0,2.0600968578070447,14.585786741923565,51.328145305720476,5.21165269535604,0.17596348332918116,Beeston Brook Pasture SSSI,0.48971912860463795,11,0.5352461667220156,15,0.46781275240309195,9,0.4328619857474951,21,0.48971912860463795,11,Moderate,1,High,Full RoFRS flood-risk context coverage for this candidate. RoFRS is not a scored factor either way.
C08,193.88021501350426,Candidate Site,193.88021501350426,0.0,0.0,7,0.0,41.00581297835145,0.0,5.998092469607876,67.64331970267263,24.59040207123282,12.683296265954747,0.0,None,0.4681428571428571,12,0.5587142857142857,9,0.4425714285714285,14,0.4404285714285714,20,0.4681428571428571,12,Moderate,1,High,Full RoFRS flood-risk context coverage for this candidate. RoFRS is not a scored factor either way.
C23,571.3940003299814,Candidate Site,571.3940003299814,2.5273986860290294,0.0,3,0.0,95.18748768948049,0.0,1.0454306083946558,4.404316482518653,11.100091986647191,1.9426336258758163,5.368763793285629,"Giggleswick Scar and Kinsey Cave SSSI; Kinsey Cave, Giggleswick Scar; Ring cairn north west of Reinsber Scar",0.46298581613401846,13,0.49154778879479266,20,0.45256197266077425,13,0.46212867327687557,15,0.46298581613401846,13,Moderate,0,High,Full RoFRS flood-risk context coverage for this candidate. RoFRS is not a scored factor either way.
C24,195.7729156036932,Candidate Site,195.7729156036932,0.0,2.6342279373055604,2,0.0,99.99983315983906,0.0,2.608570450448976,0.0,0.0,0.0,87.49173544900164,"Langcliffe Scars and Jubilee, Albert and Victoria Caves SSSI",0.46071568123266693,14,0.5496680295809662,10,0.38786894514179104,21,0.5079151034628655,6,0.46071568123266693,14,Moderate,2,High,Full RoFRS flood-risk context coverage for this candidate. RoFRS is not a scored factor either way.
C32,14.20099705662918,Candidate Site,14.20099705662918,0.0,0.6982126444930724,1,0.0,99.9999992941869,0.13533725382173545,2.5328135052456298,0.0,0.0,0.0,0.0,None,0.4510425020070975,15,0.5463267617057613,11,0.4224986110617981,17,0.49145319988059966,10,0.4510425020070975,15,Moderate,1,High,Full RoFRS flood-risk context coverage for this candidate. RoFRS is not a scored factor either way.
C35,124.67763863180815,Candidate Site,124.67763863180815,0.0,2.3148750484421288,3,0.0,99.9999878898024,0.0,2.199763893781334,0.0,0.44738618398187807,0.3588343418205705,0.0,None,0.4434020327637278,16,0.5261560673183436,16,0.38615903261693074,22,0.5056936403910062,8,0.4434020327637278,16,Moderate,1,High,Full RoFRS flood-risk context coverage for this candidate. RoFRS is not a scored factor either way.
C13,12191.079034112665,Investigation Zone,12191.079034112665,1.2683215777148034,0.0,40,0.04456469724810051,69.20419662354854,0.0,0.0,20.410338482246054,628.8060178611211,5.15791929575403,6.944456423012024,South Pennine Moors SSSI; West Pennine Moors SSSI; South Pennine Moors; Ice house at Towneley Hall; Ring cairn on Slipper Hill; Roman signal station on Mellor Moor; Spigot mortar (Blacker Bombard) position; Steam tramway reversing triangle; Thieveley lead mine 330m south west and 910m WSW of Buckleys; Two Romano-British farmsteads known as Ring Stones; Warren at Everage Clough 450m north east of New Copy Farm,0.44070710078637204,17,0.414707100786372,25,0.4418742184010524,15,0.3865956890432518,25,0.44070710078637204,17,Moderate,0,Low,RoFRS flood-risk context (not scored) is incomplete for this candidate - falls in the acquisition gap. Does not affect the composite score.
C01,9.56129640271747,Candidate Site,9.56129640271747,0.0,0.7319386848310738,7,0.0,99.9999923781679,0.44364751673767455,5.935808749938846,0.0,0.38889533520464353,4.067391270226842,0.0,None,0.431558675736366,18,0.5378443900220803,14,0.4021510240353285,19,0.45116377687039105,17,0.431558675736366,18,Moderate,0,High,Full RoFRS flood-risk context coverage for this candidate. RoFRS is not a scored factor either way.
C25,3501.380440426099,Investigation Zone,3501.380440426099,1.2420119343921792,0.0,12,0.06505855098794114,68.58744758278263,0.0,0.0,12.194740115551364,120.73010684108253,3.448071664740046,16.80599680674785,South Pennine Moors SSSI; South Pennine Moors; Beadle Hill Romano-British farmstead; Burwains Camp prehistoric defended settlement west of Broad Bank Hill; Castercliff small multivallate hillfort,0.4276923302293889,19,0.4036923302293889,26,0.43265058550987934,16,0.37581539813763337,27,0.4276923302293889,19,Watch,0,High,Full RoFRS flood-risk context coverage for this candidate. RoFRS is not a scored factor either way.
C31,5.931364996542106,Candidate Site,5.931364996542106,0.0,0.17479574145641655,1,0.0,99.9999969265075,0.45136526826560897,2.6642666716199974,0.0,0.1327216144696125,2.2376234567757534,0.0,None,0.42412915433030374,20,0.5209380433843037,17,0.40981705939574326,18,0.4421628260305822,19,0.42412915433030374,20,Watch,0,High,Full RoFRS flood-risk context coverage for this candidate. RoFRS is not a scored factor either way.
C18,299.98920350516755,Candidate Site,299.98920350516755,0.0,4.58796271404617,2,0.0,99.99999999999999,0.0,1.341106700920479,0.0,3.4425345589924805,1.1475528181577308,0.0,None,0.41564198148058396,21,0.4667741096065047,22,0.3244707624212167,25,0.50580732290676,7,0.41564198148058396,21,Watch,1,High,Full RoFRS flood-risk context coverage for this candidate. RoFRS is not a scored factor either way.
C30,2.5824608013272754,Candidate Site,2.5824608013272754,0.0,0.09978061028150842,2,0.0,97.34039355509297,0.19462884245595147,2.895428318684796,0.0,0.0,0.0,0.0,None,0.4029911863914878,22,0.511505463680981,18,0.39338019573537575,20,0.4248461353514457,23,0.4029911863914878,22,Watch,0,High,Full RoFRS flood-risk context coverage for this candidate. RoFRS is not a scored factor either way.
C05,44.10306763128738,Candidate Site,44.10306763128738,4.412167355627018,0.0,8,0.0,93.65534001388028,0.0,1.5509962115004607,55.97064010530141,4.5326634521265685,10.27743351102187,0.0,None,0.3831212391464516,23,0.4425353985774193,23,0.381699873716682,23,0.40683552486073726,24,0.3831212391464516,23,Watch,0,High,Full RoFRS flood-risk context coverage for this candidate. RoFRS is not a scored factor either way.
C34,2.7448501612198424,Candidate Site,2.7448501612198424,0.0,3.2572912988237057,2,0.0,99.99999999999999,0.23670595339211448,3.072384993792295,0.0,0.04872089784387011,1.7749929862188905,0.0,None,0.36613914610083587,24,0.48513914610083586,21,0.2975654909041946,31,0.45042634480335864,18,0.36613914610083587,24,Watch,0,High,Full RoFRS flood-risk context coverage for this candidate. RoFRS is not a scored factor either way.
C26,167.0602862319666,Candidate Site,167.0602862319666,0.0,2.474818603694085,2,0.0,99.99999732863536,0.0,0.6033695788315502,0.0,0.0,0.0,74.14359698769339,South Pennine Moors SSSI; South Pennine Moors,0.35701229956351105,25,0.3876960474293247,30,0.3199767180037645,26,0.4283319141718805,22,0.35701229956351105,25,Watch,0,Low,RoFRS flood-risk context (not scored) is incomplete for this candidate - falls in the acquisition gap. Does not affect the composite score.
C33,0.12495940264897867,Candidate Site,0.12495940264897867,0.0,3.2927732048059464,1,0.0,100.0,0.0,3.4000906844627017,0.0,0.0,0.0,0.0,None,0.3529663841655656,26,0.49253781273699415,19,0.28328907180776214,34,0.499894116213625,9,0.3529663841655656,26,Watch,1,High,Full RoFRS flood-risk context coverage for this candidate. RoFRS is not a scored factor either way.
C06,1.4848475904340441,Candidate Site,1.4848475904340441,99.99967430504658,0.0,8,44.322954177593324,0.0,0.29345029365030856,1.4278100475251603,21.899409419302685,0.019580840633888385,1.3187104696829255,0.0,None,0.3431047880905437,27,0.38426988491281094,31,0.4557365253936958,11,0.23739050237625806,34,0.3431047880905437,27,Watch,0,High,Full RoFRS flood-risk context coverage for this candidate. RoFRS is not a scored factor either way.
C27,85.4239551080921,Candidate Site,85.4239551080921,0.0,1.8561652528674473,3,0.0,99.99997612945647,0.0,0.0,0.0,2.3967857359759983,2.8057536471393774,0.0,None,0.32773872582117103,28,0.337738725821171,34,0.3163248184567307,28,0.38487180692127404,26,0.32773872582117103,28,Weak,0,High,Full RoFRS flood-risk context coverage for this candidate. RoFRS is not a scored factor either way.
C09,2.8867287892346964,Candidate Site,2.8867287892346964,0.0,0.0,5,0.0,0.0,0.11254537441533106,6.408872241882327,43.7790775427809,0.35731819528883557,12.377962094027009,0.0,None,0.3235714285714285,29,0.41628571428571426,24,0.3272857142857143,24,0.27299999999999996,32,0.3235714285714285,29,Weak,0,High,Full RoFRS flood-risk context coverage for this candidate. RoFRS is not a scored factor either way.
C12,5.446180495343172,Candidate Site,5.446180495343172,0.0,0.0,3,0.0,28.058603748372168,0.4910970310481371,2.117538919457472,7.967508129693934,0.3281747432103993,6.025777946416015,0.0,None,0.30001980311573073,30,0.361461576621456,33,0.3174417735057252,27,0.24487694597287357,33,0.30001980311573073,30,Weak,0,High,Full RoFRS flood-risk context coverage for this candidate. RoFRS is not a scored factor either way.
C03,0.7657612455272667,Candidate Site,0.7657612455272667,0.0,0.0,7,0.0,3.7580257355780744,0.0,2.808832054959932,99.99998323097137,0.09914335918672394,12.947032742360651,0.0,None,0.29572731703371086,31,0.3976407664847562,28,0.30134202087961676,29,0.29315588846228224,31,0.29572731703371086,31,Weak,0,High,Full RoFRS flood-risk context coverage for this candidate. RoFRS is not a scored factor either way.
C29,0.6429021206004891,Candidate Site,0.6429021206004891,0.0,0.0,2,0.0,14.438341190420854,0.0,2.782784224307269,73.89218169227848,0.10044552143198096,15.623765766733193,0.0,None,0.29556778264393485,32,0.3997558282160819,27,0.30133090271500423,30,0.30271063978679197,30,0.29556778264393485,32,Weak,0,High,Full RoFRS flood-risk context coverage for this candidate. RoFRS is not a scored factor either way.
C04,0.07968345631978256,Candidate Site,0.07968345631978256,0.0,0.0,8,0.0,99.99972236021264,0.24107819072505335,2.6971737398787594,99.99972236021264,0.019223995961912262,24.125454454138218,0.0,None,0.28443011556536657,33,0.3954787640375157,29,0.29047721990072056,32,0.32185868699393805,29,0.28443011556536657,33,Weak,0,High,Full RoFRS flood-risk context coverage for this candidate. RoFRS is not a scored factor either way.
C11,0.7665462681723139,Candidate Site,0.7665462681723139,0.0,0.0,4,0.0,20.111825214588592,0.6528846652178415,3.2066468769980534,99.9996729698231,0.08957408492734338,11.685411389571568,0.0,None,0.27728571428571425,34,0.3738571428571429,32,0.2885714285714286,33,0.2307142857142857,35,0.27728571428571425,34,Weak,0,High,Full RoFRS flood-risk context coverage for this candidate. RoFRS is not a scored factor either way.
C28,0.20915414194421478,Candidate Site,0.20915414194421478,0.0,2.3959539967796877,3,0.0,100.0,0.238912074212285,1.2160508470600648,0.0,0.0,0.0,0.0,None,0.2570465495763682,35,0.3262958635259894,35,0.23855401122129083,35,0.35443466097273646,28,0.2570465495763682,35,Weak,0,High,Full RoFRS flood-risk context coverage for this candidate. RoFRS is not a scored factor either way.
